Id,target(Black Hole)
0,Zeta Draconis
1,Zeta Draconis
2,Zeta Draconis
3,Zeta Draconis
4,Zeta Draconis
5,Zeta Draconis
6,Zeta Draconis
7,Zeta Draconis
8,Zeta Draconis
9,Zeta Draconis
10,Zeta Draconis
11,Zeta Draconis
12,Zeta Draconis
13,Zeta Draconis
14,Zeta Draconis
15,Zeta Draconis
16,Zeta Draconis
17,Zeta Draconis
18,Zeta Draconis
19,Zeta Draconis
20,Zeta Draconis
21,Zeta Draconis
22,Zeta Draconis
23,Zeta Draconis
24,Zeta Draconis
25,Zeta Draconis
26,Zeta Draconis
27,Zeta Draconis
28,Zeta Draconis
29,Zeta Draconis
30,Zeta Draconis
31,Zeta Draconis
32,Zeta Draconis
33,Zeta Draconis
34,Zeta Draconis
35,Zeta Draconis
36,Zeta Draconis
37,Zeta Draconis
38,Zeta Draconis
39,Zeta Draconis
40,Zeta Draconis
41,Zeta Draconis
42,Zeta Draconis
43,Zeta Draconis
44,Zeta Draconis
45,Zeta Draconis
46,Zeta Draconis
47,Zeta Draconis
48,Zeta Draconis
49,Zeta Draconis
50,Zeta Draconis
51,Zeta Draconis
52,Zeta Draconis
53,Zeta Draconis
54,Zeta Draconis
55,Zeta Draconis
56,Zeta Draconis
57,Zeta Draconis
58,Zeta Draconis
59,Zeta Draconis
60,Zeta Draconis
61,Zeta Draconis
62,Zeta Draconis
63,Zeta Draconis
64,Zeta Draconis
65,Zeta Draconis
66,Zeta Draconis
67,Zeta Draconis
68,Zeta Draconis
69,Zeta Draconis
70,Zeta Draconis
71,Zeta Draconis
72,Zeta Draconis
73,Zeta Draconis
74,Zeta Draconis
75,Zeta Draconis
76,Zeta Draconis
77,Zeta Draconis
78,Zeta Draconis
79,Zeta Draconis
80,Zeta Draconis
81,Zeta Draconis
82,Zeta Draconis
83,Zeta Draconis
84,Zeta Draconis
85,Zeta Draconis
86,Zeta Draconis
87,Zeta Draconis
88,Zeta Draconis
89,Zeta Draconis
90,Zeta Draconis
91,Zeta Draconis
92,Zeta Draconis
93,Zeta Draconis
94,Zeta Draconis
95,Zeta Draconis
96,Zeta Draconis
97,Zeta Draconis
98,Zeta Draconis
99,Zeta Draconis
100,Zeta Draconis
101,Zeta Draconis
102,Zeta Draconis
103,Zeta Draconis
104,Zeta Draconis
105,Zeta Draconis
106,Zeta Draconis
107,Zeta Draconis
108,Zeta Draconis
109,Zeta Draconis
110,Zeta Draconis
111,Zeta Draconis
112,Zeta Draconis
113,Zeta Draconis
114,Zeta Draconis
115,Zeta Draconis
116,Zeta Draconis
117,Zeta Draconis
118,Zeta Draconis
119,Zeta Draconis
120,Zeta Draconis
121,Zeta Draconis
122,Zeta Draconis
123,Zeta Draconis
124,Zeta Draconis
125,Zeta Draconis
126,Zeta Draconis
127,Zeta Draconis
128,Zeta Draconis
129,Zeta Draconis
130,Zeta Draconis
131,Zeta Draconis
132,Zeta Draconis
133,Zeta Draconis
134,Zeta Draconis
135,Zeta Draconis
136,Zeta Draconis
137,Zeta Draconis
138,Zeta Draconis
139,Zeta Draconis
140,Zeta Draconis
141,Zeta Draconis
142,Zeta Draconis
143,Zeta Draconis
144,Zeta Draconis
145,Zeta Draconis
146,Zeta Draconis
147,Zeta Draconis
148,Zeta Draconis
149,Zeta Draconis
150,Zeta Draconis
151,Zeta Draconis
152,Zeta Draconis
153,Zeta Draconis
154,Zeta Draconis
155,Zeta Draconis
156,Zeta Draconis
157,Zeta Draconis
158,Zeta Draconis
159,Zeta Draconis
160,Zeta Draconis
161,Zeta Draconis
162,Zeta Draconis
163,Zeta Draconis
164,Zeta Draconis
165,Zeta Draconis
166,Zeta Draconis
167,Zeta Draconis
168,Zeta Draconis
169,Zeta Draconis
170,Zeta Draconis
171,Zeta Draconis
172,Zeta Draconis
173,Zeta Draconis
174,Zeta Draconis
175,Zeta Draconis
176,Zeta Draconis
177,Zeta Draconis
178,Zeta Draconis
179,Zeta Draconis
180,Zeta Draconis
181,Zeta Draconis
182,Zeta Draconis
183,Zeta Draconis
184,Zeta Draconis
185,Zeta Draconis
186,Zeta Draconis
187,Zeta Draconis
188,Zeta Draconis
189,Zeta Draconis
190,Zeta Draconis
191,Zeta Draconis
192,Zeta Draconis
193,Zeta Draconis
194,Zeta Draconis
195,Zeta Draconis
196,Zeta Draconis
197,Zeta Draconis
198,Zeta Draconis
199,Zeta Draconis
200,Zeta Draconis
201,Zeta Draconis
202,Zeta Draconis
203,Zeta Draconis
204,Zeta Draconis
205,Zeta Draconis
206,Zeta Draconis
207,Zeta Draconis
208,Zeta Draconis
209,Zeta Draconis
210,Zeta Draconis
211,Zeta Draconis
212,Zeta Draconis
213,Zeta Draconis
214,Zeta Draconis
215,Zeta Draconis
216,Zeta Draconis
217,Zeta Draconis
218,Zeta Draconis
219,Zeta Draconis
220,Zeta Draconis
221,Zeta Draconis
222,Zeta Draconis
223,Zeta Draconis
224,Zeta Draconis
225,Zeta Draconis
226,Zeta Draconis
227,Zeta Draconis
228,Zeta Draconis
229,Zeta Draconis
230,Zeta Draconis
231,Zeta Draconis
232,Zeta Draconis
233,Zeta Draconis
234,Zeta Draconis
235,Zeta Draconis
236,Zeta Draconis
237,Zeta Draconis
238,Zeta Draconis
239,Zeta Draconis
240,Zeta Draconis
241,Zeta Draconis
242,Zeta Draconis
243,Zeta Draconis
244,Zeta Draconis
245,Zeta Draconis
246,Zeta Draconis
247,Zeta Draconis
248,Zeta Draconis
249,Zeta Draconis
250,Zeta Draconis
251,Zeta Draconis
252,Zeta Draconis
253,Zeta Draconis
254,Zeta Draconis
255,Zeta Draconis
256,Zeta Draconis
257,Zeta Draconis
258,Zeta Draconis
259,Zeta Draconis
260,Zeta Draconis
261,Zeta Draconis
262,Zeta Draconis
263,Zeta Draconis
264,Zeta Draconis
265,Zeta Draconis
266,Zeta Draconis
267,Zeta Draconis
268,Zeta Draconis
269,Zeta Draconis
270,Zeta Draconis
271,Zeta Draconis
272,Zeta Draconis
273,Zeta Draconis
274,Zeta Draconis
275,Zeta Draconis
276,Zeta Draconis
277,Zeta Draconis
278,Zeta Draconis
279,Zeta Draconis
280,Zeta Draconis
281,Zeta Draconis
282,Zeta Draconis
283,Zeta Draconis
284,Zeta Draconis
285,Zeta Draconis
286,Zeta Draconis
287,Zeta Draconis
288,Zeta Draconis
289,Zeta Draconis
290,Zeta Draconis
291,Zeta Draconis
292,Zeta Draconis
293,Zeta Draconis
294,Zeta Draconis
295,Zeta Draconis
296,Zeta Draconis
297,Zeta Draconis
298,Zeta Draconis
299,Zeta Draconis
300,Zeta Draconis
301,Zeta Draconis
302,Zeta Draconis
303,Zeta Draconis
304,Zeta Draconis
305,Zeta Draconis
306,Zeta Draconis
307,Zeta Draconis
308,Zeta Draconis
309,Zeta Draconis
310,Zeta Draconis
311,Zeta Draconis
312,Zeta Draconis
313,Zeta Draconis
314,Zeta Draconis
315,Zeta Draconis
316,Zeta Draconis
317,Zeta Draconis
318,Zeta Draconis
319,Zeta Draconis
320,Zeta Draconis
321,Zeta Draconis
322,Zeta Draconis
323,Zeta Draconis
324,Zeta Draconis
325,Zeta Draconis
326,Zeta Draconis
327,Zeta Draconis
328,Zeta Draconis
329,Zeta Draconis
330,Zeta Draconis
331,Zeta Draconis
332,Zeta Draconis
333,Zeta Draconis
334,Zeta Draconis
335,Zeta Draconis
336,Zeta Draconis
337,Zeta Draconis
338,Zeta Draconis
339,Zeta Draconis
340,Zeta Draconis
341,Zeta Draconis
342,Zeta Draconis
343,Zeta Draconis
344,Zeta Draconis
345,Zeta Draconis
346,Zeta Draconis
347,Zeta Draconis
348,Zeta Draconis
349,Zeta Draconis
350,Zeta Draconis
351,Zeta Draconis
352,Zeta Draconis
353,Zeta Draconis
354,Zeta Draconis
355,Zeta Draconis
356,Zeta Draconis
357,Zeta Draconis
358,Zeta Draconis
359,Zeta Draconis
360,Zeta Draconis
361,Zeta Draconis
362,Zeta Draconis
363,Zeta Draconis
364,Zeta Draconis
365,Zeta Draconis
366,Zeta Draconis
367,Zeta Draconis
368,Zeta Draconis
369,Zeta Draconis
370,Zeta Draconis
371,Zeta Draconis
372,Zeta Draconis
373,Zeta Draconis
374,Zeta Draconis
375,Zeta Draconis
376,Zeta Draconis
377,Zeta Draconis
378,Zeta Draconis
379,Zeta Draconis
380,Zeta Draconis
381,Zeta Draconis
382,Zeta Draconis
383,Zeta Draconis
384,Zeta Draconis
385,Zeta Draconis
386,Zeta Draconis
387,Zeta Draconis
388,Zeta Draconis
389,Zeta Draconis
390,Zeta Draconis
391,Zeta Draconis
392,Zeta Draconis
393,Zeta Draconis
394,Zeta Draconis
395,Zeta Draconis
396,Zeta Draconis
397,Zeta Draconis
398,Zeta Draconis
399,Zeta Draconis
400,Zeta Draconis
401,Zeta Draconis
402,Zeta Draconis
403,Zeta Draconis
404,Zeta Draconis
405,Zeta Draconis
406,Zeta Draconis
407,Zeta Draconis
408,Zeta Draconis
409,Zeta Draconis
410,Zeta Draconis
411,Zeta Draconis
412,Zeta Draconis
413,Zeta Draconis
414,Zeta Draconis
415,Zeta Draconis
416,Zeta Draconis
417,Zeta Draconis
418,Zeta Draconis
419,Zeta Draconis
420,Zeta Draconis
421,Zeta Draconis
422,Zeta Draconis
423,Zeta Draconis
424,Zeta Draconis
425,Zeta Draconis
426,Zeta Draconis
427,Zeta Draconis
428,Zeta Draconis
429,Zeta Draconis
430,Zeta Draconis
431,Zeta Draconis
432,Zeta Draconis
433,Zeta Draconis
434,Zeta Draconis
435,Zeta Draconis
436,Zeta Draconis
437,Zeta Draconis
438,Zeta Draconis
439,Zeta Draconis
440,Zeta Draconis
441,Zeta Draconis
442,Zeta Draconis
443,Zeta Draconis
444,Zeta Draconis
445,Zeta Draconis
446,Zeta Draconis
447,Zeta Draconis
448,Zeta Draconis
449,Zeta Draconis
450,Zeta Draconis
451,Zeta Draconis
452,Zeta Draconis
453,Zeta Draconis
454,Zeta Draconis
455,Zeta Draconis
456,Zeta Draconis
457,Zeta Draconis
458,Zeta Draconis
459,Zeta Draconis
460,Zeta Draconis
461,Zeta Draconis
462,Zeta Draconis
463,Zeta Draconis
464,Zeta Draconis
465,Zeta Draconis
466,Zeta Draconis
467,Zeta Draconis
468,Zeta Draconis
469,Zeta Draconis
470,Zeta Draconis
471,Zeta Draconis
472,Zeta Draconis
473,Zeta Draconis
474,Zeta Draconis
475,Zeta Draconis
476,Zeta Draconis
477,Zeta Draconis
478,Zeta Draconis
479,Zeta Draconis
480,Zeta Draconis
481,Zeta Draconis
482,Zeta Draconis
483,Zeta Draconis
484,Zeta Draconis
485,Zeta Draconis
486,Zeta Draconis
487,Zeta Draconis
488,Zeta Draconis
489,Zeta Draconis
490,Zeta Draconis
491,Zeta Draconis
492,Zeta Draconis
493,Zeta Draconis
494,Zeta Draconis
495,Zeta Draconis
496,Zeta Draconis
497,Zeta Draconis
498,Zeta Draconis
499,Zeta Draconis
